INSERT INTO endereco (lgdr, numero, complmt, bairro, cidade, estado, cep) VALUES
('Rua Alfa', 10, NULL, 'Bairro 1', 'Cidade 1', 'SP', '11111-000'),
('Rua Beta', 20, NULL, 'Bairro 2', 'Cidade 2', 'RJ', '22222-000'),
('Rua Gama', 30, NULL, 'Bairro 3', 'Cidade 3', 'MG', '33333-000'),
('Rua Delta', 40, NULL, 'Bairro 4', 'Cidade 4', 'RS', '44444-000'),
('Rua Épsilon', 50, NULL, 'Bairro 5', 'Cidade 5', 'PR', '55555-000'),
('Rua Zeta', 60, NULL, 'Bairro 6', 'Cidade 6', 'SC', '66666-000'),
('Rua Eta', 70, NULL, 'Bairro 7', 'Cidade 7', 'BA', '77777-000'),
('Rua Teta', 80, NULL, 'Bairro 8', 'Cidade 8', 'PE', '88888-000'),
('Rua Iota', 90, NULL, 'Bairro 9', 'Cidade 9', 'CE', '99999-000'),
('Rua Kappa', 100, NULL, 'Bairro 10', 'Cidade 10', 'GO', '10101-000'),
('Rua Lambda', 110, NULL, 'Bairro 11', 'Cidade 11', 'DF', '20202-000'),
('Rua Mi', 120, NULL, 'Bairro 12', 'Cidade 12', 'MT', '30303-000'),
('Rua Ni', 130, NULL, 'Bairro 13', 'Cidade 13', 'MS', '40404-000'),
('Rua Xi', 140, NULL, 'Bairro 14', 'Cidade 14', 'AM', '50505-000'),
('Rua Omicron', 150, NULL, 'Bairro 15', 'Cidade 15', 'PA', '60606-000'),
('Rua Pi', 160, NULL, 'Bairro 16', 'Cidade 16', 'PB', '70707-000'),
('Rua Rho', 170, NULL, 'Bairro 17', 'Cidade 17', 'RN', '80808-000'),
('Rua Sigma', 180, NULL, 'Bairro 18', 'Cidade 18', 'AL', '90909-000'),
('Rua Tau', 190, NULL, 'Bairro 19', 'Cidade 19', 'SE', '12121-000'),
('Rua Upsilon', 200, NULL, 'Bairro 20', 'Cidade 20', 'TO', '23232-000'),
('Rua Phi', 210, NULL, 'Bairro 21', 'Cidade 21', 'AP', '34343-000'),
('Rua Chi', 220, NULL, 'Bairro 22', 'Cidade 22', 'RR', '45454-000'),
('Rua Psi', 230, NULL, 'Bairro 23', 'Cidade 23', 'RO', '56565-000'),
('Rua Omega', 240, NULL, 'Bairro 24', 'Cidade 24', 'AC', '67676-000'),
('Rua Alfa 2', 11, NULL, 'Bairro 25', 'Cidade 25', 'SP', '78787-000'),
('Rua Beta 2', 21, NULL, 'Bairro 26', 'Cidade 26', 'RJ', '89898-000'),
('Rua Gama 2', 31, NULL, 'Bairro 27', 'Cidade 27', 'MG', '90909-001'),
('Rua Delta 2', 41, NULL, 'Bairro 28', 'Cidade 28', 'RS', '10101-001'),
('Rua Épsilon 2', 51, NULL, 'Bairro 29', 'Cidade 29', 'PR', '20202-001'),
('Rua Zeta 2', 61, NULL, 'Bairro 30', 'Cidade 30', 'SC', '30303-001'),
('Rua Eta 2', 71, NULL, 'Bairro 31', 'Cidade 31', 'BA', '40404-001'),
('Rua Teta 2', 81, NULL, 'Bairro 32', 'Cidade 32', 'PE', '50505-001'),
('Rua Iota 2', 91, NULL, 'Bairro 33', 'Cidade 33', 'CE', '60606-001'),
('Rua Kappa 2', 101, NULL, 'Bairro 34', 'Cidade 34', 'GO', '70707-001'),
('Rua Lambda 2', 111, NULL, 'Bairro 35', 'Cidade 35', 'DF', '80808-001'),
('Rua Mi 2', 121, NULL, 'Bairro 36', 'Cidade 36', 'MT', '90909-002'),
('Rua Ni 2', 131, NULL, 'Bairro 37', 'Cidade 37', 'MS', '12121-001'),
('Rua Xi 2', 141, NULL, 'Bairro 38', 'Cidade 38', 'AM', '23232-001'),
('Rua Omicron 2', 151, NULL, 'Bairro 39', 'Cidade 39', 'PA', '34343-001'),
('Rua Pi 2', 161, NULL, 'Bairro 40', 'Cidade 40', 'PB', '45454-001'),
('Rua Rho 2', 171, NULL, 'Bairro 41', 'Cidade 41', 'RN', '56565-001'),
('Rua Sigma 2', 181, NULL, 'Bairro 42', 'Cidade 42', 'AL', '67676-001'),
('Rua Tau 2', 191, NULL, 'Bairro 43', 'Cidade 43', 'SE', '78787-001'),
('Rua Upsilon 2', 201, NULL, 'Bairro 44', 'Cidade 44', 'TO', '89898-001'),
('Rua Phi 2', 211, NULL, 'Bairro 45', 'Cidade 45', 'AP', '90909-003'),
('Rua Chi 2', 221, NULL, 'Bairro 46', 'Cidade 46', 'RR', '10101-002'),
('Rua Psi 2', 231, NULL, 'Bairro 47', 'Cidade 47', 'RO', '20202-002'),
('Rua Omega 2', 241, NULL, 'Bairro 48', 'Cidade 48', 'AC', '30303-002'),
('Rua Alfa 3', 12, NULL, 'Bairro 49', 'Cidade 49', 'SP', '40404-002'),
('Rua Beta 3', 22, NULL, 'Bairro 50', 'Cidade 50', 'RJ', '50505-002'),
('Rua Gama 3', 32, NULL, 'Bairro 51', 'Cidade 51', 'MG', '60606-002'),
('Rua Delta 3', 42, NULL, 'Bairro 52', 'Cidade 52', 'RS', '70707-002'),
('Rua Épsilon 3', 52, NULL, 'Bairro 53', 'Cidade 53', 'PR', '80808-002'),
('Rua Zeta 3', 62, NULL, 'Bairro 54', 'Cidade 54', 'SC', '90909-004'),
('Rua Eta 3', 72, NULL, 'Bairro 55', 'Cidade 55', 'BA', '12121-002'),
('Rua Teta 3', 82, NULL, 'Bairro 56', 'Cidade 56', 'PE', '23232-002'),
('Rua Iota 3', 92, NULL, 'Bairro 57', 'Cidade 57', 'CE', '34343-002'),
('Rua Kappa 3', 102, NULL, 'Bairro 58', 'Cidade 58', 'GO', '45454-002'),
('Rua Lambda 3', 112, NULL, 'Bairro 59', 'Cidade 59', 'DF', '56565-002'),
('Rua Mi 3', 122, NULL, 'Bairro 60', 'Cidade 60', 'MT', '67676-002');


INSERT INTO cliente (cpf, nome, fone, email, endercli) VALUES
(10000000001, 'João Silva', 11999990001, 'joao1@email.com', 1),
(10000000002, 'Maria Souza', 11999990002, 'maria2@email.com', 2),
(10000000003, 'Pedro Santos', 11999990003, 'pedro3@email.com', 3),
(10000000004, 'Ana Oliveira', 11999990004, 'ana4@email.com', 4),
(10000000005, 'Lucas Pereira', 11999990005, 'lucas5@email.com', 5),
(10000000006, 'Carla Lima', 11999990006, 'carla6@email.com', 6),
(10000000007, 'Rafael Costa', 11999990007, 'rafael7@email.com', 7),
(10000000008, 'Juliana Alves', 11999990008, 'juliana8@email.com', 8),
(10000000009, 'Bruno Martins', 11999990009, 'bruno9@email.com', 9),
(10000000010, 'Patrícia Rocha', 11999990010, 'patricia10@email.com', 10),
(10000000011, 'Fernando Dias', 11999990011, 'fernando11@email.com', 11),
(10000000012, 'Camila Ramos', 11999990012, 'camila12@email.com', 12),
(10000000013, 'Eduardo Melo', 11999990013, 'eduardo13@email.com', 13),
(10000000014, 'Larissa Faria', 11999990014, 'larissa14@email.com', 14),
(10000000015, 'Vinícius Nunes', 11999990015, 'vinicius15@email.com', 15),
(10000000016, 'Aline Teixeira', 11999990016, 'aline16@email.com', 16),
(10000000017, 'Diego Barros', 11999990017, 'diego17@email.com', 17),
(10000000018, 'Renata Cardoso', 11999990018, 'renata18@email.com', 18),
(10000000019, 'Fábio Batista', 11999990019, 'fabio19@email.com', 19),
(10000000020, 'Tatiane Lopes', 11999990020, 'tatiane20@email.com', 20),
(10000000021, 'Marcelo Freitas', 11999990021, 'marcelo21@email.com', 21),
(10000000022, 'Simone Pires', 11999990022, 'simone22@email.com', 22),
(10000000023, 'Rodrigo Reis', 11999990023, 'rodrigo23@email.com', 23),
(10000000024, 'Vanessa Duarte', 11999990024, 'vanessa24@email.com', 24),
(10000000025, 'Gustavo Azevedo', 11999990025, 'gustavo25@email.com', 25),
(10000000026, 'Priscila Tavares', 11999990026, 'priscila26@email.com', 26),
(10000000027, 'Leandro Moreira', 11999990027, 'leandro27@email.com', 27),
(10000000028, 'Sabrina Castro', 11999990028, 'sabrina28@email.com', 28),
(10000000029, 'Felipe Ramos', 11999990029, 'felipe29@email.com', 29),
(10000000030, 'Bianca Mendes', 11999990030, 'bianca30@email.com', 0);


INSERT INTO instalador (cpf, fone, email, nome, habilit) VALUES
(20000000001, 11988880001, 'instalador1@email.com', 'Carlos Henrique', 'B'),
(20000000002, 11988880002, 'instalador2@email.com', 'Fernanda Lima', 'B'),
(20000000003, 11988880003, 'instalador3@email.com', 'Paulo Souza', 'C'),
(20000000004, 11988880004, 'instalador4@email.com', 'Juliana Alves', 'C');



INSERT INTO pedido (cliente, statped, valped, comp, altura, dtpdd, dtentg, enderped) VALUES
(10000000001, 'pedido', 1500, 200, 120, '2025-06-15', null, 36),
(10000000002, 'pedido', 2500, 180, 110, '2025-05-10', null, 37),
(10000000003, 'espera', 3200, 210, 130, '2025-07-03', '2025-07-18', 38),
(10000000004, 'instalado', 900, 150, 100, '2025-04-22', '2025-05-02', 39),
(10000000005, 'pedido', 1800, 170, 115, '2025-06-01', null, 40),
(10000000006, 'pedido', 2100, 160, 105, '2025-07-12', null, 41),
(10000000007, 'espera', 4000, 220, 140, '2025-03-28', '2025-04-10', 42),
(10000000008, 'instalado', 800, 140, 95, '2025-05-15', '2025-05-25', 43),
(10000000009, 'pedido', 1700, 175, 112, '2025-06-20', null, 44),
(10000000010, 'pedido', 2600, 185, 118, '2025-04-05', null, 45),
(10000000011, 'espera', 3300, 215, 135, '2025-05-30', '2025-06-10', 46),
(10000000012, 'instalado', 950, 155, 102, '2025-07-01', '2025-07-12', 47),
(10000000013, 'pedido', 1850, 172, 117, '2025-03-10', null, 48),
(10000000014, 'pedido', 2200, 162, 107, '2025-06-18', null, 49),
(10000000015, 'espera', 4100, 225, 145, '2025-05-12', '2025-05-22', 50),
(10000000016, 'instalado', 850, 142, 97, '2025-04-25', '2025-05-05', 51),
(10000000017, 'pedido', 1750, 178, 113, '2025-07-10', null, 52),
(10000000018, 'pedido', 2650, 188, 119, '2025-06-05', null, 53),
(10000000019, 'espera', 3350, 218, 138, '2025-05-18', '2025-05-28', 54),
(10000000020, 'instalado', 980, 158, 104, '2025-03-22', '2025-04-01', 55),
(10000000021, 'pedido', 1900, 174, 116, '2025-06-25', null, 56),
(10000000022, 'pedido', 2250, 164, 108, '2025-04-15', null, 57),
(10000000023, 'espera', 4200, 230, 150, '2025-05-05', '2025-05-15', 58),
(10000000024, 'instalado', 870, 144, 99, '2025-07-15', '2025-07-25', 59),
(10000000025, 'pedido', 1800, 176, 114, '2025-03-30', null, 30),
(10000000026, 'pedido', 2700, 190, 120, '2025-06-10', null, 31),
(10000000027, 'espera', 3400, 220, 139, '2025-05-20', '2025-05-30', 32),
(10000000028, 'instalado', 990, 160, 106, '2025-04-12', '2025-04-22', 33),
(10000000029, 'pedido', 1950, 180, 121, '2025-07-05', null, 34),
(10000000030, 'pedido', 2300, 166, 109, '2025-06-22', null, 35);

INSERT INTO servico (inst, valserv, tipserv, dtserv, codped) VALUES
(20000000001, 500, 'instalacao', '2025-05-03', 39),
(20000000002, 600, 'instalacao', '2025-05-25', 43),
(20000000003, 700, 'instalacao', '2025-07-12', 47),
(20000000004, 800, 'instalacao', '2025-05-05', 51),
(20000000001, 900,'instalacao', '2025-04-01', 55),
(20000000002, 1000, 'instalacao', '2025-07-25', 59),
(20000000003, 1100, 'instalacao', '2025-04-22', 33),
(20000000001, 350, 'manutencao', '2025-06-10', 39),
(20000000002, 400, 'manutencao', '2025-08-01', 43),
(20000000003, 450, 'manutencao', '2025-08-15', 47);


