INSERT INTO endereco (lgdr, numero, complmt, bairro, cidade, estado, cep) VALUES
('Rua das Palmeiras', 10, NULL, 'Centro', 'Flor do Campo', 'SP', '11111-000'),
('Avenida do Sol', 20, NULL, 'Jardim Aurora', 'Lago Azul', 'RJ', '22222-000'),
('Rua das Acácias', 30, NULL, 'Vila Nova', 'Serra Verde', 'MG', '33333-000'),
('Travessa das Flores', 40, NULL, 'Bela Vista', 'Vale Sereno', 'RS', '44444-000'),
('Rua do Cedro', 50, NULL, 'Morada do Sol', 'Rio Dourado', 'PR', '55555-000'),
('Avenida Central', 60, NULL, 'Parque das Águas', 'Jardim das Pedras', 'SC', '66666-000'),
('Rua das Laranjeiras', 70, NULL, 'Vila Esperança', 'Monte Claro', 'BA', '77777-000'),
('Rua do Ipê', 80, NULL, 'Jardim Primavera', 'Campo Belo', 'PE', '88888-000'),
('Rua das Oliveiras', 90, NULL, 'Centro', 'Nova Esperança', 'CE', '99999-000'),
('Rua do Carvalho', 100, NULL, 'Jardim América', 'Sol Nascente', 'GO', '10101-000'),
('Rua das Hortências', 110, NULL, 'Vila Rica', 'Pedra Branca', 'DF', '20202-000'),
('Rua do Jacarandá', 120, NULL, 'Bairro Alto', 'Estrela do Sul', 'MT', '30303-000'),
('Rua das Magnólias', 130, NULL, 'Centro', 'Santa Felicidade', 'MS', '40404-000'),
('Rua do Manacá', 140, NULL, 'Jardim das Rosas', 'Vale Verde', 'AM', '50505-000'),
('Rua das Azaleias', 150, NULL, 'Vila Bela', 'Rio Bonito', 'PA', '60606-000'),
('Rua do Girassol', 160, NULL, 'Centro', 'Jardim do Lago', 'PB', '70707-000'),
('Rua das Orquídeas', 170, NULL, 'Jardim Europa', 'Serra Azul', 'RN', '80808-000'),
('Rua do Alecrim', 180, NULL, 'Vila Nova', 'Campo Verde', 'AL', '90909-000'),
('Rua das Violetas', 190, NULL, 'Centro', 'Monte Azul', 'SE', '12121-000'),
('Rua do Hibisco', 200, NULL, 'Jardim Imperial', 'Águas Claras', 'TO', '23232-000'),
('Rua das Bromélias', 210, NULL, 'Vila Real', 'Flor do Norte', 'AP', '34343-000'),
('Rua do Jasmim', 220, NULL, 'Centro', 'Vale do Sol', 'RR', '45454-000'),
('Rua das Camélias', 230, NULL, 'Jardim das Palmeiras', 'Pedra Azul', 'RO', '56565-000'),
('Rua do Lírio', 240, NULL, 'Vila Nova', 'Rio Sereno', 'AC', '67676-000'),
('Rua das Tulipas', 11, NULL, 'Centro', 'Jardim das Flores', 'SP', '78787-000'),
('Rua do Cravo', 21, NULL, 'Jardim América', 'Serra Dourada', 'RJ', '89898-000'),
('Rua das Dalias', 31, NULL, 'Vila Esperança', 'Monte Verde', 'MG', '90909-001'),
('Rua do Cipreste', 41, NULL, 'Centro', 'Vale Encantado', 'RS', '10101-001'),
('Rua das Begônias', 51, NULL, 'Jardim Imperial', 'Rio Azul', 'PR', '20202-001'),
('Rua do Salgueiro', 61, NULL, 'Vila Nova', 'Pedra Preta', 'SC', '30303-001'),
('Rua das Figueiras', 71, NULL, 'Centro', 'Campo Sereno', 'BA', '40404-001'),
('Rua do Pau-Brasil', 81, NULL, 'Jardim Primavera', 'Lago Verde', 'PE', '50505-001'),
('Rua das Amendoeiras', 91, NULL, 'Vila Bela', 'Serra Alta', 'CE', '60606-001'),
('Rua do Pinheiro', 101, NULL, 'Centro', 'Jardim do Sol', 'GO', '70707-001'),
('Rua das Palmeiras Reais', 111, NULL, 'Jardim Europa', 'Vale Azul', 'DF', '80808-001'),
('Rua do Cedro Rosa', 121, NULL, 'Vila Nova', 'Pedra Clara', 'MT', '90909-002'),
('Rua das Oliveiras Negras', 131, NULL, 'Centro', 'Santa Clara', 'MS', '12121-001'),
('Rua do Jacarandá Roxo', 141, NULL, 'Jardim América', 'Monte Branco', 'AM', '23232-001'),
('Rua das Magnólias Brancas', 151, NULL, 'Vila Esperança', 'Rio Verde', 'PA', '34343-001'),
('Rua do Manacá da Serra', 161, NULL, 'Centro', 'Jardim Imperial', 'PB', '45454-001'),
('Rua das Azaleias Azuis', 171, NULL, 'Jardim das Rosas', 'Serra Nova', 'RN', '56565-001'),
('Rua do Girassol Amarelo', 181, NULL, 'Vila Bela', 'Campo Azul', 'AL', '67676-001'),
('Rua das Orquídeas Brancas', 191, NULL, 'Centro', 'Monte Real', 'SE', '78787-001'),
('Rua do Alecrim Dourado', 201, NULL, 'Jardim Imperial', 'Águas Verdes', 'TO', '89898-001'),
('Rua das Violetas Roxas', 211, NULL, 'Vila Real', 'Flor do Sul', 'AP', '90909-003'),
('Rua do Hibisco Vermelho', 221, NULL, 'Centro', 'Vale Azul', 'RR', '10101-002'),
('Rua das Bromélias Azuis', 231, NULL, 'Jardim das Palmeiras', 'Pedra Verde', 'RO', '20202-002'),
('Rua do Jasmim Branco', 241, NULL, 'Vila Nova', 'Rio Azul', 'AC', '30303-002'),
('Rua das Camélias Rosas', 12, NULL, 'Centro', 'Jardim das Árvores', 'SP', '40404-002'),
('Rua do Lírio Amarelo', 22, NULL, 'Jardim América', 'Serra Azul', 'RJ', '50505-002'),
('Rua das Tulipas Vermelhas', 32, NULL, 'Vila Esperança', 'Monte Azul', 'MG', '60606-002'),
('Rua do Cravo Branco', 42, NULL, 'Centro', 'Vale Verde', 'RS', '70707-002'),
('Rua das Dalias Amarelas', 52, NULL, 'Jardim Imperial', 'Rio Branco', 'PR', '80808-002'),
('Rua do Cipreste Azul', 62, NULL, 'Vila Nova', 'Pedra Azul', 'SC', '90909-004'),
('Rua das Begônias Rosas', 72, NULL, 'Centro', 'Campo Azul', 'BA', '12121-002'),
('Rua do Salgueiro Branco', 82, NULL, 'Jardim Primavera', 'Lago Azul', 'PE', '23232-002'),
('Rua das Figueiras Roxas', 92, NULL, 'Vila Bela', 'Serra Azul', 'CE', '34343-002'),
('Rua do Pau-Brasil Vermelho', 102, NULL, 'Centro', 'Jardim das Flores', 'GO', '45454-002'),
('Rua das Amendoeiras Brancas', 112, NULL, 'Jardim Europa', 'Vale Branco', 'DF', '56565-002'),
('Rua do Pinheiro Branco', 122, NULL, 'Vila Nova', 'Pedra Azul', 'MT', '67676-002');


INSERT INTO cliente (cpf, nome, fone, email, endercli) VALUES
(10000000001, 'João Silva', 11999990001, 'joao1@email.com', 1),
(10000000002, 'Maria Souza', 11999990002, 'maria2@email.com', 2),
(10000000003, 'Pedro Santos', 11999990003, 'pedro3@email.com', 3),
(10000000004, 'Ana Oliveira', 11999990004, 'ana4@email.com', 4),
(10000000005, 'Lucas Pereira', 11999990005, 'lucas5@email.com', 5),
(10000000006, 'Carla Lima', 11999990006, 'carla6@email.com', 6),
(10000000007, 'Rafael Costa', 11999990007, 'rafael7@email.com', 7),
(10000000008, 'Juliana Alves', 11999990008, 'juliana8@email.com', 8),
(10000000009, 'Bruno Martins', 11999990009, 'bruno9@email.com', 9),
(10000000010, 'Patrícia Rocha', 11999990010, 'patricia10@email.com', 10),
(10000000011, 'Fernando Dias', 11999990011, 'fernando11@email.com', 11),
(10000000012, 'Camila Ramos', 11999990012, 'camila12@email.com', 12),
(10000000013, 'Eduardo Melo', 11999990013, 'eduardo13@email.com', 13),
(10000000014, 'Larissa Faria', 11999990014, 'larissa14@email.com', 14),
(10000000015, 'Vinícius Nunes', 11999990015, 'vinicius15@email.com', 15),
(10000000016, 'Aline Teixeira', 11999990016, 'aline16@email.com', 16),
(10000000017, 'Diego Barros', 11999990017, 'diego17@email.com', 17),
(10000000018, 'Renata Cardoso', 11999990018, 'renata18@email.com', 18),
(10000000019, 'Fábio Batista', 11999990019, 'fabio19@email.com', 19),
(10000000020, 'Tatiane Lopes', 11999990020, 'tatiane20@email.com', 20),
(10000000021, 'Marcelo Freitas', 11999990021, 'marcelo21@email.com', 21),
(10000000022, 'Simone Pires', 11999990022, 'simone22@email.com', 22),
(10000000023, 'Rodrigo Reis', 11999990023, 'rodrigo23@email.com', 23),
(10000000024, 'Vanessa Duarte', 11999990024, 'vanessa24@email.com', 24),
(10000000025, 'Gustavo Azevedo', 11999990025, 'gustavo25@email.com', 25),
(10000000026, 'Priscila Tavares', 11999990026, 'priscila26@email.com', 26),
(10000000027, 'Leandro Moreira', 11999990027, 'leandro27@email.com', 27),
(10000000028, 'Sabrina Castro', 11999990028, 'sabrina28@email.com', 28),
(10000000029, 'Felipe Ramos', 11999990029, 'felipe29@email.com', 29),
(10000000030, 'Bianca Mendes', 11999990030, 'bianca30@email.com', 30);


INSERT INTO instalador (cpf, fone, email, nome, habilit) VALUES
(20000000001, 11988880001, 'instalador1@email.com', 'Carlos Henrique', 'B'),
(20000000002, 11988880002, 'instalador2@email.com', 'Fernanda Lima', 'B'),
(20000000003, 11988880003, 'instalador3@email.com', 'Paulo Souza', 'C'),
(20000000004, 11988880004, 'instalador4@email.com', 'Juliana Alves', 'E');



INSERT INTO pedido (cliente, statped, valped, comp, altura, dtpdd, dtentg, enderped) VALUES
(10000000001, 'pedido', 1500, 200, 120, '2025-06-15', null, 36),
(10000000002, 'pedido', 2500, 180, 110, '2025-05-10', null, 37),
(10000000003, 'espera', 3200, 210, 130, '2025-07-03', '2025-07-18', 38),
(10000000004, 'instalado', 900, 150, 100, '2025-04-22', '2025-05-02', 39),
(10000000005, 'pedido', 1800, 170, 115, '2025-06-01', null, 40),
(10000000006, 'pedido', 2100, 160, 105, '2025-07-12', null, 41),
(10000000007, 'espera', 4000, 220, 140, '2025-03-28', '2025-04-10', 42),
(10000000008, 'instalado', 800, 140, 95, '2025-05-15', '2025-05-25', 43),
(10000000009, 'pedido', 1700, 175, 112, '2025-06-20', null, 44),
(10000000010, 'pedido', 2600, 185, 118, '2025-04-05', null, 45),
(10000000011, 'espera', 3300, 215, 135, '2025-05-30', '2025-06-10', 46),
(10000000012, 'instalado', 950, 155, 102, '2025-07-01', '2025-07-12', 47),
(10000000013, 'pedido', 1850, 172, 117, '2025-03-10', null, 48),
(10000000014, 'pedido', 2200, 162, 107, '2025-06-18', null, 49),
(10000000015, 'espera', 4100, 225, 145, '2025-05-12', '2025-05-22', 50),
(10000000016, 'instalado', 850, 142, 97, '2025-04-25', '2025-05-05', 51),
(10000000017, 'pedido', 1750, 178, 113, '2025-07-10', null, 52),
(10000000018, 'pedido', 2650, 188, 119, '2025-06-05', null, 53),
(10000000019, 'espera', 3350, 218, 138, '2025-05-18', '2025-05-28', 54),
(10000000020, 'instalado', 980, 158, 104, '2025-03-22', '2025-04-01', 55),
(10000000021, 'pedido', 1900, 174, 116, '2025-06-25', null, 56),
(10000000022, 'pedido', 2250, 164, 108, '2025-04-15', null, 57),
(10000000023, 'espera', 4200, 230, 150, '2025-05-05', '2025-05-15', 58),
(10000000024, 'instalado', 870, 144, 99, '2025-07-15', '2025-07-25', 59),
(10000000025, 'pedido', 1800, 176, 114, '2025-03-30', null, 60),
(10000000026, 'pedido', 2700, 190, 120, '2025-06-10', null, 31),
(10000000027, 'espera', 3400, 220, 139, '2025-05-20', '2025-05-30', 32),
(10000000028, 'instalado', 990, 160, 106, '2025-04-12', '2025-04-22', 33),
(10000000029, 'pedido', 1950, 180, 121, '2025-07-05', null, 34),
(10000000030, 'pedido', 2300, 166, 109, '2025-06-22', null, 35);

INSERT INTO servico (inst, valserv, tipserv, dtserv, codped) VALUES
(20000000001, 500, 'instalacao', '2025-05-03', 39),
(20000000002, 600, 'instalacao', '2025-05-25', 43),
(20000000003, 700, 'instalacao', '2025-07-12', 47),
(20000000004, 800, 'instalacao', '2025-05-05', 51),
(20000000001, 900,'instalacao', '2025-04-01', 55),
(20000000002, 1000, 'instalacao', '2025-07-25', 59),
(20000000003, 1100, 'instalacao', '2025-04-22', 33),
(20000000001, 350, 'manutencao', '2025-06-10', 39),
(20000000002, 400, 'manutencao', '2025-08-01', 43),
(20000000003, 450, 'manutencao', '2025-08-15', 47);


INSERT INTO usuario (nome, senha, email, telefone, cargo) VALUES
('admin', 'admin', 'admin@admin.com', 000000, 'adm');